FeatureID,FeatureName,crabp1+ Average,crabp1+ Log2 Fold Change,crabp1+ P-Value,crabp1- Average,crabp1- Log2 Fold Change,crabp1- P-Value
SPI1_MOUSE.MA0080.4,SPI1,641.9983727687458,-0.47512221751619776,1.1027415276069238e-33,892.899066507744,0.47512221751619776,1.1027415276069857e-33
SPIC_MOUSE.MA0687.1,SPIC,1397.8339202076359,-0.3522679485448901,4.753845907464071e-28,1785.420965932348,0.3522679485448901,4.753845907444617e-28
PAX3_MOUSE.MA0780.1,PAX3,18.353445586690125,-0.3089274346422961,5.523886604411126e-05,22.74946123139842,0.3089274346422961,5.523886604400545e-05
PAX7_MOUSE.MA0680.1,PAX7,18.353445586690125,-0.3089274346422961,5.523886604411126e-05,22.74946123139842,0.3089274346422961,5.523886604400545e-05
YY2_MOUSE.MA0748.1,YY2,38.3962098779274,-0.29572723793461897,6.136517842670922e-11,47.158457628613135,0.29572723793461897,6.136517842681906e-11
ELF5_MOUSE.MA0136.2,ELF5,655.8107006174498,-0.2692525887469941,7.161414646890177e-32,790.8125093378324,0.2692525887469941,7.161414646922776e-32
PROX1_MOUSE.MA0794.1,PROX1,36.71834418154668,-0.26808324168434616,4.622704039612345e-10,44.24169885232995,0.26808324168434616,4.6227040395975435e-10
ETV2_MOUSE.MA0762.1,ETV2,129.65377894797228,-0.2615562640413156,1.52574490556149e-23,155.51227449670228,0.2615562640413156,1.5257449055616815e-23
PKNOX1_MOUSE.MA0782.1,PKNOX1,172.5796535557193,-0.25454817906325733,2.8345583680575765e-22,205.99608857500033,0.25454817906325733,2.8345583680542e-22
ETV6_MOUSE.MA0645.1,ETV6,1075.8841341454502,-0.22297028627149906,7.134100964515898e-32,1256.4001290020367,0.22297028627149906,7.134100964513593e-32
ELF3_MOUSE.MA0640.1,ELF3,297.4518015942107,-0.2204559672640869,1.0007703039790769e-22,346.7548440028736,0.2204559672640869,1.0007703039781769e-22
ZBED1_MOUSE.MA0749.1,ZBED1,9.483090761796833,-0.2100181685215845,0.019010012119718072,10.975562119375972,0.2100181685215845,0.019010012119736328
TGIF2_MOUSE.MA0797.1,TGIF2,222.07382834690893,-0.2097926446415137,1.1394838518866889e-15,256.97650597943283,0.2097926446415137,1.1394838519054257e-15
SCRT2_MOUSE.MA0744.1,SCRT2,167.50024443391146,-0.20932711069407528,1.3780708726342578e-15,193.76330284515748,0.20932711069407528,1.3780708726369332e-15
ETV3_MOUSE.MA0763.1,ETV3,1105.5531518005644,-0.20795372132082512,1.5140020362926132e-26,1277.6786386091887,0.20795372132082512,1.5140020362907874e-26
ETS1_MOUSE.MA0098.3,ETS1,1216.2522022331095,-0.20764515594516553,4.93938201325298e-28,1405.3119795437879,0.20764515594516553,4.939382013261318e-28
EHF_MOUSE.MA0598.2,EHF,229.94777146132355,-0.2072869434126794,1.26570553761871e-13,265.62620441944506,0.2072869434126794,1.2657055376204777e-13
ELK1_MOUSE.MA0028.2,ELK1,1122.4635183582855,-0.206121327463336,4.0908184296806445e-26,1295.575216704185,0.206121327463336,4.090818429327815e-26
FEV_MOUSE.MA0156.2,FEV,1122.4635183582855,-0.206121327463336,4.0908184296806445e-26,1295.575216704185,0.206121327463336,4.090818429327815e-26
ETV5_MOUSE.MA0765.1,ETV5,1122.4635183582855,-0.206121327463336,4.0908184296806445e-26,1295.575216704185,0.206121327463336,4.090818429327815e-26
ETV4_MOUSE.MA0764.1,ETV4,1122.4635183582855,-0.206121327463336,4.0908184296806445e-26,1295.575216704185,0.206121327463336,4.090818429327815e-26
ETV1_MOUSE.MA0761.1,ETV1,1122.4635183582855,-0.206121327463336,4.0908184296806445e-26,1295.575216704185,0.206121327463336,4.090818429327815e-26
ERF_MOUSE.MA0760.1,ERF,1122.4635183582855,-0.206121327463336,4.0908184296806445e-26,1295.575216704185,0.206121327463336,4.090818429327815e-26
ELK3_MOUSE.MA0759.1,ELK3,1122.4635183582855,-0.206121327463336,4.0908184296806445e-26,1295.575216704185,0.206121327463336,4.090818429327815e-26
ELF4_MOUSE.MA0641.1,ELF4,413.21880814039713,-0.19986819401175637,5.2400964421572385e-17,474.884788263607,0.19986819401175637,5.240096442157239e-17
ELK4_MOUSE.MA0076.2,ELK4,1537.6636969114736,-0.19712096227869758,6.031842095352735e-25,1763.7715753601083,0.19712096227869758,6.0318420953581695e-25
Gabpa_MOUSE.MA0062.2,Gabpa,1557.219708355638,-0.1936366280241515,9.316080238261908e-24,1781.8944537049883,0.1936366280241515,9.316080238281136e-24
ERG_MOUSE.MA0474.2,ERG,1168.3843546015516,-0.18839562510908436,4.309555893693456e-25,1332.110134824353,0.18839562510908436,4.309555893709117e-25
FLI1_MOUSE.MA0475.2,FLI1,1168.3843546015516,-0.18839562510908436,4.309555893693456e-25,1332.110134824353,0.18839562510908436,4.309555893709117e-25
PPARA::RXRA_MOUSE.MA1148.1,PPARA::RXRA,960.4091793075074,-0.18113885711096245,8.316798511201653e-24,1089.4974085945043,0.18113885711096245,8.316798511055205e-24
TGIF1_MOUSE.MA0796.1,TGIF1,153.87116471587012,-0.17952591921683414,1.6002364080805572e-11,174.35805641760098,0.17952591921683414,1.6002364080806868e-11
GLIS3_MOUSE.MA0737.1,GLIS3,222.3315210306534,-0.17632836092100224,2.033696458849372e-14,251.37557479480282,0.17632836092100224,2.0336964587779035e-14
Nr5a2_MOUSE.MA0505.1,Nr5a2,3463.2178744033035,-0.17285472994114315,4.753845907464071e-28,3906.212616074792,0.17285472994114315,4.753845907444617e-28
ELF1_MOUSE.MA0473.2,ELF1,315.1524257154148,-0.16916023531180535,4.989126055598974e-13,354.5559165058207,0.16916023531180535,4.989126055635454e-13
ZBTB7A_MOUSE.MA0750.2,ZBTB7A,1930.8511937688,-0.168812199325183,3.7079246189814865e-18,2171.7406369566147,0.168812199325183,3.707924618882907e-18
YY1_MOUSE.MA0095.2,YY1,1746.022547979093,-0.1685068718717222,3.686473572431238e-18,1963.4375430564078,0.1685068718717222,3.6864735724849375e-18
TBX21_MOUSE.MA0690.1,TBX21,271.09270329919207,-0.16708887024083197,4.3445099398208256e-14,304.54984739950004,0.16708887024083197,4.3445099398195085e-14
Pparg::Rxra_MOUSE.MA0065.2,Pparg::Rxra,1421.0148087364726,-0.16430926439114124,1.0063814166597423e-28,1593.3171982530068,0.16430926439114124,1.0063814166581678e-28
RXRG_MOUSE.MA0856.1,RXRG,731.9445724037354,-0.16304067084117868,3.0259875367322297e-22,819.973810982612,0.16304067084117868,3.0259875366882065e-22
NR2F1_MOUSE.MA0017.2,NR2F1,710.487361603945,-0.16225372680797534,6.844278794291707e-21,795.5019534048739,0.16225372680797534,6.84427879400543e-21
Rxra_MOUSE.MA0512.2,Rxra,729.6138852418686,-0.15973446580724548,1.013081507857588e-21,815.4918088112975,0.15973446580724548,1.0130815078594308e-21
NR2C2_MOUSE.MA0504.1,NR2C2,1978.8049389616058,-0.15619398185575228,3.1649171331183505e-27,2206.295427890297,0.15619398185575228,3.164917133031999e-27
Rarg(var.2)_MOUSE.MA0860.1,Rarg(var.2),251.8001110428554,-0.15274673100509784,2.359033509255144e-10,280.077989821762,0.15274673100509784,2.3590335092519434e-10
Nr2f6_MOUSE.MA0677.1,Nr2f6,943.8194969784462,-0.15239281605754051,8.123383428494132e-22,1049.555414489971,0.15239281605754051,8.123383428494113e-22
HES7_MOUSE.MA0822.1,HES7,158.53253903960356,-0.15106459672669903,8.081670454446868e-08,176.1307417083593,0.15106459672669903,8.081670454449365e-08
HOXD12_MOUSE.MA0873.1,HOXD12,90.59902110047567,-0.14985209090264728,2.7683015272620353e-07,100.57160271929907,0.14985209090264728,2.76830152726234e-07
Esrrg_MOUSE.MA0643.1,Esrrg,721.4364374110438,-0.14893082235397337,1.0307499627556742e-19,800.335978187119,0.14893082235397337,1.0307499627878414e-19
RXRB_MOUSE.MA0855.1,RXRB,713.8946315334554,-0.14479067278988644,1.0557092469629327e-18,789.6998664425691,0.14479067278988644,1.0557092469626142e-18
Esrra_MOUSE.MA0592.2,Esrra,628.2261304486241,-0.14474265618422422,1.838135384398262e-16,694.9114923314178,0.14474265618422422,1.8381353842953357e-16
PKNOX2_MOUSE.MA0783.1,PKNOX2,220.5563047648581,-0.1422271880451964,9.057139465654654e-10,243.54307170159407,0.1422271880451964,9.05713946559335e-10
ZBTB33_MOUSE.MA0527.1,ZBTB33,1030.2610761145108,-0.14034455626422826,6.267111446201447e-13,1136.1529767789307,0.14034455626422826,6.267111446199896e-13
RXRA::VDR_MOUSE.MA0074.1,RXRA::VDR,222.18263192448993,-0.13798186753709007,2.493429658725081e-10,244.61799788854327,0.13798186753709007,2.493429658728262e-10
ID4_MOUSE.MA0824.1,ID4,1760.3159021707868,-0.13790182347801583,1.3099968443342668e-16,1937.9599065902962,0.13790182347801583,1.3099968443466512e-16
USF1_MOUSE.MA0093.2,USF1,923.8855362647898,-0.13567810164241223,3.25819569754871e-16,1015.5538019448941,0.13567810164241223,3.2581956975546117e-16
NR2F2_MOUSE.MA1111.1,NR2F2,885.5637709399442,-0.1349710468968084,2.15862440795799e-16,972.9527799042235,0.1349710468968084,2.1586244079580052e-16
MAX::MYC_MOUSE.MA0059.1,MAX::MYC,363.8219839186221,-0.13473363631131896,7.35678530316963e-14,399.65881353132045,0.13473363631131896,7.35678530316963e-14
TCF4_MOUSE.MA0830.1,TCF4,1364.3395978249368,-0.13436599328339227,1.931627006375708e-14,1498.3465267183378,0.13436599328339227,1.931627006457311e-14
Klf12_MOUSE.MA0742.1,Klf12,3276.5739268192187,-0.1306327591190506,7.471186504207565e-12,3589.1031048067275,0.1306327591190506,7.471186504029178e-12
SNAI2_MOUSE.MA0745.1,SNAI2,6623.520862317014,-0.12940501064621834,1.0293846406629412e-18,7249.119907361841,0.12940501064621834,1.0293846406645744e-18
TP73_MOUSE.MA0861.1,TP73,308.6642965891371,-0.12463705941239489,1.1214291342032103e-08,336.70334123719084,0.12463705941239489,1.1214291342034732e-08
NR1H2::RXRA_MOUSE.MA0115.1,NR1H2::RXRA,605.1597720014516,-0.12347805398216494,9.303510140260102e-14,659.6023672314551,0.12347805398216494,9.303510139705492e-14
SPDEF_MOUSE.MA0686.1,SPDEF,186.98181132499408,-0.12333620712350601,5.41820198931694e-06,203.7833750205786,0.12333620712350601,5.4182019893168915e-06
HES5_MOUSE.MA0821.1,HES5,71.1518132338923,-0.12123535284390208,0.0005783476461482307,77.43240216865591,0.12123535284390208,0.0005783476461488535
TCF3_MOUSE.MA0522.2,TCF3,1563.8681795962455,-0.12033242756072937,8.535311505225013e-14,1700.84753365624,0.12033242756072937,8.535311504709142e-14
PRDM1_MOUSE.MA0508.2,PRDM1,394.0808314943072,-0.120253637213116,1.430164104839351e-10,428.57495657205897,0.120253637213116,1.4301641048394137e-10
MITF_MOUSE.MA0620.2,MITF,812.1442620891005,-0.1196259074941537,9.526108340006819e-12,882.8475637420613,0.1196259074941537,9.526108340427615e-12
NFIC::TLX1_MOUSE.MA0119.1,NFIC::TLX1,278.9666464136067,-0.11846934953057442,1.898437422887919e-05,303.0097484766781,0.11846934953057442,1.8984374228878626e-05
SCRT1_MOUSE.MA0743.1,SCRT1,320.1631167882241,-0.11543089101898474,3.5286961940059458e-09,347.025147079124,0.11543089101898474,3.5286961940016457e-09
USF2_MOUSE.MA0526.2,USF2,1830.3625001166195,-0.11521916802486842,1.6337499412715368e-12,1983.6411264766107,0.11521916802486842,1.6337499412783352e-12
HEY1_MOUSE.MA0823.1,HEY1,329.4686859234414,-0.11267193471279313,9.81593148725004e-07,356.4291796854164,0.11267193471279313,9.815931487193016e-07
PAX5_MOUSE.MA0014.3,PAX5,387.31783017203537,-0.1117465635892767,7.678663446451485e-08,418.7434679382079,0.1117465635892767,7.67866344645494e-08
TFCP2_MOUSE.MA0145.3,TFCP2,317.44875385278226,-0.1094628522045884,1.2093905164495814e-05,342.6625811508039,0.1094628522045884,1.2093905164406332e-05
JUN::JUNB(var.2)_MOUSE.MA1133.1,JUN::JUNB(var.2),419.35762051759895,-0.10855343876511547,5.190740455282126e-09,452.3804856362496,0.10855343876511547,5.190740455527329e-09
NRF1_MOUSE.MA0506.1,NRF1,7174.204400974882,-0.10839751767648664,1.888046619919544e-09,7738.311900312561,0.10839751767648664,1.8880466199228904e-09
BHLHE41_MOUSE.MA0636.1,BHLHE41,1020.995592507876,-0.10763309279857403,1.6852130527710342e-12,1100.692984845712,0.10763309279857403,1.6852130527692395e-12
HNF4G_MOUSE.MA0484.1,HNF4G,923.971433826038,-0.10703643871076807,5.306545072747966e-13,995.6833827814648,0.10703643871076807,5.306545072452435e-13
Klf1_MOUSE.MA0493.1,Klf1,2573.5023880030317,-0.10676237777657782,4.244898921339809e-12,2772.7123811139463,0.10676237777657782,4.244898921602339e-12
Nfe2l2_MOUSE.MA0150.2,Nfe2l2,882.2194925553492,-0.1055516195880788,0.00025585766613101245,949.7130014647429,0.1055516195880788,0.0002558576661311514
FOSL1::JUND(var.2)_MOUSE.MA1143.1,FOSL1::JUND(var.2),1073.3129338120884,-0.10464907070355878,1.0229866695992006e-09,1154.7033111513697,0.10464907070355878,1.0229866695997489e-09
PBX3_MOUSE.MA1114.1,PBX3,1169.7701685896886,-0.10443234323856032,5.504192658605861e-13,1258.285964417737,0.10443234323856032,5.504192658333689e-13
IRF9_MOUSE.MA0653.1,IRF9,347.0719594752309,-0.1024798196313057,2.369409174302829e-06,372.829661683957,0.1024798196313057,2.369409174308006e-06
FOXH1_MOUSE.MA0479.1,FOXH1,275.60518851676204,-0.1018587469138339,2.8271678728531188e-08,295.9315795497495,0.1018587469138339,2.827167872896017e-08
TFEB_MOUSE.MA0692.1,TFEB,1770.520532447068,-0.0999810145044524,3.977471937977695e-12,1898.6276659368393,0.0999810145044524,3.977471937992107e-12
POU5F1B_MOUSE.MA0792.1,POU5F1B,1966.4585961582036,-0.0990935758410103,3.7466131056423146e-13,2107.446221517338,0.0990935758410103,3.74661310564697e-13
POU3F4_MOUSE.MA0789.1,POU3F4,1966.4585961582036,-0.0990935758410103,3.7466131056423146e-13,2107.446221517338,0.0990935758410103,3.74661310564697e-13
KLF13_MOUSE.MA0657.1,KLF13,1987.205720451676,-0.09883763458647543,6.192266662389495e-08,2129.303053985305,0.09883763458647543,6.192266662501728e-08
E2F7_MOUSE.MA0758.1,E2F7,150.65859592518893,-0.09835280518069034,7.262982158702537e-05,161.37722263953032,0.09835280518069034,7.262982158702568e-05
NR4A2_MOUSE.MA0160.1,NR4A2,7250.842205120491,-0.09801082894822244,2.7580368234978912e-15,7764.870749083674,0.09801082894822244,2.758036823678492e-15
TBX5_MOUSE.MA0807.1,TBX5,5138.9189522405695,-0.09542887839252145,3.529866137937045e-15,5493.388276990668,0.09542887839252145,3.5298661382311457e-15
TBX4_MOUSE.MA0806.1,TBX4,5138.9189522405695,-0.09542887839252145,3.529866137937045e-15,5493.388276990668,0.09542887839252145,3.5298661382311457e-15
TBX1_MOUSE.MA0805.1,TBX1,5138.9189522405695,-0.09542887839252145,3.529866137937045e-15,5493.388276990668,0.09542887839252145,3.5298661382311457e-15
TBX15_MOUSE.MA0803.1,TBX15,5138.9189522405695,-0.09542887839252145,3.529866137937045e-15,5493.388276990668,0.09542887839252145,3.5298661382311457e-15
MGA_MOUSE.MA0801.1,MGA,5138.9189522405695,-0.09542887839252145,3.529866137937045e-15,5493.388276990668,0.09542887839252145,3.5298661382311457e-15
SP4_MOUSE.MA0685.1,SP4,13024.217724252218,-0.09508035075619858,1.8153636972812742e-07,13919.231767041207,0.09508035075619858,1.8153636972329131e-07
E2F1_MOUSE.MA0024.3,E2F1,24.48080495572552,-0.09507386824600417,0.11153583955462736,26.162823333816032,0.09507386824600417,0.11153583955456776
SP8_MOUSE.MA0747.1,SP8,10180.716395229887,-0.09400474030439732,1.7750647892710913e-07,10872.218338595592,0.09400474030439732,1.77506478920215e-07
IRF8_MOUSE.MA0652.1,IRF8,138.70165539944512,-0.09287616545557675,0.0006540357827767106,148.00664954221492,0.09287616545557675,0.0006540357827770441
HEY2_MOUSE.MA0649.1,HEY2,440.8835493663878,-0.09190631649359204,8.195159465199393e-07,470.1450552521468,0.09190631649359204,8.195159465093507e-07
E2F8_MOUSE.MA0865.1,E2F8,236.89402091425808,-0.09034645451100864,4.112138784391699e-06,252.34363697486233,0.09034645451100864,4.11213878437745e-06
KLF9_MOUSE.MA1107.1,KLF9,3479.681573642534,-0.08944906567027289,8.724883193130538e-10,3704.315076469914,0.08944906567027289,8.724883193321234e-10
KLF14_MOUSE.MA0740.1,KLF14,8899.86922693816,-0.08822689889003676,3.2890494776425744e-06,9466.384611253461,0.08822689889003676,3.2890494777267183e-06
TFE3_MOUSE.MA0831.2,TFE3,7789.408461138285,-0.08807867538181924,1.2209758026472832e-12,8284.386975518855,0.08807867538181924,1.2209758027183682e-12
NR4A1_MOUSE.MA1112.1,NR4A1,1337.5452852195942,-0.08789014236110759,1.0759642965470727e-08,1422.3536455836665,0.08789014236110759,1.0759642965464983e-08
TBX20_MOUSE.MA0689.1,TBX20,41.98100143401726,-0.0867146832891077,0.08959630297791692,44.606293699365345,0.0867146832891077,0.08959630297792047
RARA(var.2)_MOUSE.MA0730.1,RARA(var.2),252.5445565736728,-0.08669865181568248,0.0002744667781982842,268.3355213000012,0.08669865181568248,0.0002744667782046826
Nr1h3::Rxra_MOUSE.MA0494.1,Nr1h3::Rxra,1036.6232221509579,-0.08647604822454014,5.470601516079729e-10,1101.2713077065268,0.08647604822454014,5.470601516575964e-10
BHLHE40_MOUSE.MA0464.2,BHLHE40,1085.1095322235024,-0.08492332423504223,1.8003371192592404e-08,1151.5413937710455,0.08492332423504223,1.8003371194257168e-08
TFEC_MOUSE.MA0871.1,TFEC,1403.1710220131883,-0.08461211047581507,6.7328723414735145e-09,1488.7539105704755,0.08461211047581507,6.732872341464606e-09
Arntl_MOUSE.MA0603.1,Arntl,979.9938232720878,-0.08309632639989317,6.765390546503884e-09,1038.6741441413803,0.08309632639989317,6.7653905465037715e-09
Hes1_MOUSE.MA1099.1,Hes1,950.0785659413954,-0.08291527226312567,5.78632623166001e-06,1006.8412423243585,0.08291527226312567,5.786326231491605e-06
Bach1::Mafk_MOUSE.MA0591.1,Bach1::Mafk,1100.8860509727479,-0.08222415943536276,0.0018544364210505177,1166.1000431802522,0.08222415943536276,0.0018544364210657711
CUX1_MOUSE.MA0754.1,CUX1,254.04490064347397,-0.08071951765448482,0.0002523705821158465,268.81326627197865,0.08071951765448482,0.00025237058211679284
FIGLA_MOUSE.MA0820.1,FIGLA,847.5168778110926,-0.0794615736402946,5.949399319518682e-08,896.0044088255972,0.0794615736402946,5.9493993195183884e-08
TBR1_MOUSE.MA0802.1,TBR1,382.8454304830479,-0.07915564903553118,2.771036375525055e-06,404.6625635009787,0.07915564903553118,2.7710363757010533e-06
SREBF2_MOUSE.MA0596.1,SREBF2,828.1842000261736,-0.07684290817861061,7.685736461263517e-08,873.9778511702174,0.07684290817861061,7.685736461277669e-08
KLF5_MOUSE.MA0599.1,KLF5,23568.40678665165,-0.07635887437933242,2.4582325326885597e-06,24863.26271826667,0.07635887437933242,2.4582325326899535e-06
NFKB2_MOUSE.MA0778.1,NFKB2,432.1964426721572,-0.07627049242355888,3.675242326586268e-05,455.91328398166155,0.07627049242355888,3.675242326629086e-05
GBX1_MOUSE.MA0889.1,GBX1,409.78863219455394,-0.07329388178553664,2.756917514843241e-05,431.3848513414525,0.07329388178553664,2.7569175148058715e-05
Six3_MOUSE.MA0631.1,Six3,167.06503012358743,-0.07280817969840658,0.004166315945393838,175.81014968769026,0.07280817969840658,0.0041663159454231515
NFKB1_MOUSE.MA0105.4,NFKB1,260.31542261458964,-0.0726799867932062,0.0004158140329674348,273.9175941304742,0.0726799867932062,0.00041581403296739284
SRF_MOUSE.MA0083.3,SRF,236.10948985485823,-0.07231161816213394,0.0017793926294173412,248.3833826018916,0.07231161816213394,0.0017793926294597056
POU5F1_MOUSE.MA1115.1,POU5F1,1376.0388456669361,-0.07228812454853184,1.2518637432295363e-06,1447.548406737423,0.07228812454853184,1.2518637432281262e-06
ZNF143_MOUSE.MA0088.2,ZNF143,511.70895186753705,-0.07228283777764766,1.7327904525305554e-06,538.299147175557,0.07228283777764766,1.7327904525874456e-06
ESRRB_MOUSE.MA0141.3,ESRRB,262.0677328640521,-0.07066183389700242,0.0005944269761110399,275.3759735186158,0.07066183389700242,0.0005944269761108892
Nkx3-1_MOUSE.MA0124.2,Nkx3-1,849.916283021958,-0.0690532912163011,4.497895253969335e-07,892.0818711609406,0.0690532912163011,4.4978952541365873e-07
Zfx_MOUSE.MA0146.2,Zfx,11097.403715862081,-0.06802489093315778,0.00011927218904181319,11639.6653471329,0.06802489093315778,0.00011927218903875932
Npas2_MOUSE.MA0626.1,Npas2,442.8878257955115,-0.06756496988509753,0.00023676841356475077,464.3806849981561,0.06756496988509753,0.00023676841356542853
Foxo1_MOUSE.MA0480.1,Foxo1,529.2835928989106,-0.06539186489941606,6.118557886991053e-05,554.1338785493875,0.06539186489941606,6.118557886986185e-05
MYC_MOUSE.MA0147.3,MYC,963.4843120001915,-0.06443839545948826,8.485031345876745e-05,1008.0544631084591,0.06443839545948826,8.485031345621262e-05
SPIB_MOUSE.MA0081.1,SPIB,41438.83893343521,-0.06414401921250246,4.890299643911835e-08,43346.93909487871,0.06414401921250246,4.890299643381521e-08
CREB3_MOUSE.MA0638.1,CREB3,242.10513962997976,-0.06369131850154464,0.006403361035634634,253.17340455777048,0.06369131850154464,0.006403361035415784
MLXIPL_MOUSE.MA0664.1,MLXIPL,562.2052648732886,-0.06327801498493635,0.00013228262439626321,587.7394656571676,0.06327801498493635,0.00013228262439642484
MLX_MOUSE.MA0663.1,MLX,562.2052648732886,-0.06327801498493635,0.00013228262439626321,587.7394656571676,0.06327801498493635,0.00013228262439642484
Srebf1(var.2)_MOUSE.MA0829.1,Srebf1(var.2),562.5030430856156,-0.06310030884229967,0.00013521400217577097,587.9783381431563,0.06310030884229967,0.0001352140021800855
SREBF2(var.2)_MOUSE.MA0828.1,SREBF2(var.2),562.5030430856156,-0.06310030884229967,0.00013521400217577097,587.9783381431563,0.06310030884229967,0.0001352140021800855
NKX2-3_MOUSE.MA0672.1,NKX2-3,1081.9313224573204,-0.06199051317623194,7.220231493218211e-06,1130.0617283862186,0.06199051317623194,7.220231493442287e-06
PAX9_MOUSE.MA0781.1,PAX9,71.6385660809652,-0.0619614861455311,0.038718164859713265,74.8236631769371,0.0619614861455311,0.038718164859202917
EGR1_MOUSE.MA0162.3,EGR1,621.4860351426852,-0.061829238449098156,0.0009047918948446464,649.0605472576902,0.061829238449098156,0.0009047918948342155
ZEB1_MOUSE.MA0103.3,ZEB1,1622.0093755530831,-0.06173332290766531,0.0013340340832505976,1693.8636565000966,0.06173332290766531,0.0013340340832845698
POU2F2_MOUSE.MA0507.1,POU2F2,1463.2019643174856,-0.061402971004694606,5.78632623166001e-06,1527.671267432478,0.061402971004694606,5.786326231491605e-06
Hic1_MOUSE.MA0739.1,Hic1,2709.335064856788,-0.061399425664474094,3.6121607645608945e-07,2828.7028346060893,0.061399425664474094,3.6121607647973543e-07
MXI1_MOUSE.MA1108.1,MXI1,1306.6164366661735,-0.06000140583463498,0.00039776593196577567,1362.861824336373,0.06000140583463498,0.0003977659319607082
IRF5_MOUSE.MA1420.1,IRF5,188.56805295604343,-0.059042732704427614,0.013209592356659793,196.554339260394,0.059042732704427614,0.013209592356606792
MNT_MOUSE.MA0825.1,MNT,848.8339737502312,-0.05873284551806002,1.8070768097695956e-05,884.5951045606103,0.05873284551806002,1.8070768098317647e-05
RARA::RXRA_MOUSE.MA0159.1,RARA::RXRA,671.610125383028,-0.05806747986251182,0.00016987901255305251,699.5820780443023,0.05806747986251182,0.00016987901254451732
EOMES_MOUSE.MA0800.1,EOMES,285.91289586654125,-0.05750323176739869,0.0023333793107496335,297.7042648405078,0.05750323176739869,0.002333379310622318
Rarb_MOUSE.MA0857.1,Rarb,462.47246976009194,-0.05628613807363614,0.002583332231584455,481.13947572567974,0.05628613807363614,0.0025833322315824054
Id2_MOUSE.MA0617.1,Id2,5784.003910710166,-0.05601584102906898,1.2429917314486455e-05,6016.343010000477,0.05601584102906898,1.2429917316339766e-05
Rarg_MOUSE.MA0859.1,Rarg,488.68840545303027,-0.05339738598447674,0.0036733995180336645,507.3965908302808,0.05339738598447674,0.0036733995179945604
MAX_MOUSE.MA0058.3,MAX,823.3796631003598,-0.05301308480461664,0.00011638250178061609,854.6731826314982,0.05301308480461664,0.00011638250178139612
RELA_MOUSE.MA0107.1,RELA,1269.8408274437948,-0.05291189756932546,0.0035049648963101734,1318.0103720329669,0.05291189756932546,0.0035049648962592445
FOXK2_MOUSE.MA1103.1,FOXK2,816.725465355669,-0.05233670602501306,0.0006361782424661417,847.3687134546856,0.05233670602501306,0.0006361782424664548
XBP1_MOUSE.MA0844.1,XBP1,180.8200929314594,-0.05179546988962702,0.015468743575984451,187.53375985529402,0.05179546988962702,0.015468743576478953
HINFP_MOUSE.MA0131.2,HINFP,949.6089926065721,-0.05065726087128297,0.009251942831385918,984.0917810929601,0.05065726087128297,0.009251942831380007
Ar_MOUSE.MA0007.3,Ar,261.38055237406684,-0.04990515492526981,0.01983619733988934,270.73053227794065,0.04990515492526981,0.01983619733992819
SP1_MOUSE.MA0079.3,SP1,28005.84044170708,-0.0491842498893611,0.001903622121163632,28993.198275824045,0.0491842498893611,0.0019036221211723295
HIC2_MOUSE.MA0738.1,HIC2,4890.640641208889,-0.04883959471159649,4.028502008738143e-05,5061.85255881596,0.04883959471159649,4.028502008759643e-05
TFAP2C_MOUSE.MA0524.2,TFAP2C,1515.9087078993564,-0.04878164713583111,0.005901715132679795,1568.9144879738444,0.04878164713583111,0.005901715132770209
TFAP2B_MOUSE.MA0811.1,TFAP2B,1515.9087078993564,-0.04878164713583111,0.005901715132679795,1568.9144879738444,0.04878164713583111,0.005901715132770209
RARA_MOUSE.MA0729.1,RARA,432.6660160069805,-0.04792149724582373,0.00985817145914043,447.5276024998474,0.04792149724582373,0.00985817145913383
Atf1_MOUSE.MA0604.1,Atf1,2631.12819859238,-0.04762454776815872,0.0002334576451229126,2720.9461989529723,0.04762454776815872,0.00023345764510393702
POU3F2_MOUSE.MA0787.1,POU3F2,1187.8487419803846,-0.04727482835344965,0.0004786859670398331,1228.100025530427,0.04727482835344965,0.00047868596702590143
TP53_MOUSE.MA0106.3,TP53,179.23385130041007,-0.04664969455127377,0.07243764956869779,185.22675453008728,0.04664969455127377,0.07243764956926989
GRHL1_MOUSE.MA0647.1,GRHL1,184.06702074663986,-0.04571624638493965,0.029676165329181763,190.09849602064648,0.04571624638493965,0.029676165329180527
SP3_MOUSE.MA0746.1,SP3,15428.158326351382,-0.04569759636055437,0.006986191019014371,15933.530291259052,0.04569759636055437,0.006986191018908799
IRF4_MOUSE.MA1419.1,IRF4,146.174743228035,-0.04502310042113944,0.06260462756748815,150.89197772823644,0.04502310042113944,0.0626046275653164
RORC_MOUSE.MA1151.1,RORC,324.89893566503935,-0.044856479362222146,0.03483379085366262,335.34553973788655,0.044856479362222146,0.034833790853783866
SMAD2::SMAD3::SMAD4_MOUSE.MA0513.1,SMAD2::SMAD3::SMAD4,454.99365542741884,-0.04456651271055456,0.007824930256567745,469.52901568301803,0.04456651271055456,0.007824930256618215
ZSCAN4_MOUSE.MA1155.1,ZSCAN4,409.8115382108868,-0.04435689350867378,0.01871974625688851,422.84201690833,0.04435689350867378,0.018719746256935708
PPARG_MOUSE.MA0066.1,PPARG,355.1005181998923,-0.04389180025049377,0.01586180505236733,366.2732405553721,0.04389180025049377,0.0158618050523799
GMEB2_MOUSE.MA0862.1,GMEB2,602.3766910170112,-0.043708118741255575,0.005264636073676864,621.2507609941626,0.043708118741255575,0.005264636072924528
REL_MOUSE.MA0101.1,REL,2193.62901313917,-0.04302588410044095,0.0061253560931004624,2261.2926747301717,0.04302588410044095,0.006125356093110809
POU3F1_MOUSE.MA0786.1,POU3F1,1423.064897198262,-0.04213536320074773,0.0009739793435077918,1466.0547382834957,0.04213536320074773,0.0009739793434842825
MYBL2_MOUSE.MA0777.1,MYBL2,46.69391429449962,-0.0418641595731426,0.37745126449417027,48.095089218410976,0.0418641595731426,0.37745126449714206
ESR1_MOUSE.MA0112.3,ESR1,394.2010880800546,-0.04181917907219557,0.03659119759569908,406.02036500028294,0.04181917907219557,0.03659119759577975
TFAP2B(var.2)_MOUSE.MA0812.1,TFAP2B(var.2),883.221630769911,-0.04163692635303029,0.017475502515426657,909.5887099366921,0.04163692635303029,0.017475502514984444
EGR4_MOUSE.MA0733.1,EGR4,2589.261727240027,-0.04105087709359978,0.02099248584843591,2665.4774932591727,0.04105087709359978,0.02099248584875648
ESR2_MOUSE.MA0258.2,ESR2,923.8683567525402,-0.04097769196533285,0.0045629108606062,951.0142279015762,0.04097769196533285,0.00456291086061805
Tcfl5_MOUSE.MA0632.1,Tcfl5,1950.8252400110387,-0.040971713321669156,0.019598487053688406,2008.1381285265581,0.040971713321669156,0.019598487053414822
STAT1::STAT2_MOUSE.MA0517.1,STAT1::STAT2,2580.5918000580464,-0.04085564913790307,0.0023043931017479144,2656.192896895875,0.04085564913790307,0.0023043931016272523
CTCF_MOUSE.MA0139.1,CTCF,10925.67731141476,-0.04047828860896807,0.001724971570260046,11242.816428370972,0.04047828860896807,0.0017249715702059494
Arnt_MOUSE.MA0004.1,Arnt,25342.472025126226,-0.03979090349950454,0.0002633322024541706,26065.66509319915,0.03979090349950454,0.00026333220245444684
IRF3_MOUSE.MA1418.1,IRF3,2146.843474779339,-0.03947786317155533,0.003029646081362061,2207.6280849173922,0.03947786317155533,0.003029646081110876
NFYA_MOUSE.MA0060.3,NFYA,1988.167773137655,-0.038647856005175285,0.023303787547634635,2043.28381455716,0.038647856005175285,0.0233037875466566
TFAP2A(var.3)_MOUSE.MA0872.1,TFAP2A(var.3),1608.7868776249497,-0.038572553022495626,0.04665686476345455,1653.2993367083823,0.038572553022495626,0.04665686476498566
KLF16_MOUSE.MA0741.1,KLF16,15059.274112823201,-0.03853643917895866,0.025185010420359057,15475.555160556225,0.03853643917895866,0.025185010421508062
MEOX1_MOUSE.MA0661.1,MEOX1,300.65864388080865,-0.038329469212172285,0.055637311863453116,308.92498556392485,0.038329469212172285,0.05563731186347988
GATA1::TAL1_MOUSE.MA0140.2,GATA1::TAL1,682.375953059464,-0.037844568967662084,0.03717881958497075,700.9021628352925,0.037844568967662084,0.03717881958550983
FOSL2::JUND(var.2)_MOUSE.MA1145.1,FOSL2::JUND(var.2),789.4329468950871,-0.03713882263002155,0.02182527806095894,810.4692004874822,0.03713882263002155,0.021825278060953194
BACH2_MOUSE.MA1101.1,BACH2,958.7370401152099,-0.03712299451895262,0.2731120589195644,984.2740785164779,0.03712299451895262,0.27311205891589047
TFAP2A_MOUSE.MA0003.3,TFAP2A,1073.9543022694081,-0.037081384629361835,0.03276670816299236,1102.5285313169936,0.037081384629361835,0.03276670816168151
FOXO3_MOUSE.MA0157.2,FOXO3,4522.31189857678,-0.03665587322131003,0.0015078167484110176,4641.267258288418,0.03665587322131003,0.0015078167481226408
TFAP2A(var.2)_MOUSE.MA0810.1,TFAP2A(var.2),2554.7137281060172,-0.03645271438526443,0.054669757734463816,2621.5438141914074,0.03645271438526443,0.054669757734446656
KLF4_MOUSE.MA0039.3,KLF4,1863.410155180828,-0.036343197592143994,0.0071739007258701986,1912.0108112702594,0.036343197592143994,0.007173900725204324
FOSL2::JUNB(var.2)_MOUSE.MA1139.1,FOSL2::JUNB(var.2),336.60963651520507,-0.03574814713358698,0.0636462131017744,345.24617567031333,0.03574814713358698,0.06364621310182082
TFAP2C(var.3)_MOUSE.MA0815.1,TFAP2C(var.3),1793.8044980494026,-0.03560746764153855,0.06455784160473164,1839.6513063698374,0.03560746764153855,0.06455784160401308
CREB1_MOUSE.MA0018.3,CREB1,624.6298858843678,-0.03527951628491266,0.04731525321997292,640.4485655259921,0.03527951628491266,0.047315253222805366
RARA::RXRG_MOUSE.MA1149.1,RARA::RXRG,1312.8926851413723,-0.035028890334196205,0.010912296643449268,1345.9081639492272,0.035028890334196205,0.01091229664314482
SP2_MOUSE.MA0516.1,SP2,38766.39973438655,-0.03428807970960612,0.026089757223170598,39720.873615924254,0.03428807970960612,0.026089757223157196
Sox6_MOUSE.MA0515.1,Sox6,1634.183923233989,-0.03400242611697557,0.014413698044686866,1674.0875291074524,0.03400242611697557,0.014413698045140137
Mlxip_MOUSE.MA0622.1,Mlxip,5922.820096191275,-0.03364763526442971,0.007038870765235302,6065.9530536695,0.03364763526442971,0.007038870765082469
POU6F1_MOUSE.MA0628.1,POU6F1,527.7202572841941,-0.0326269214669086,0.03492130245254668,540.0906908204723,0.0326269214669086,0.03492130245253258
SREBF1_MOUSE.MA0595.1,SREBF1,1208.4584301758598,-0.03218033187941849,0.014309999998808188,1236.4039874775608,0.03218033187941849,0.014309999998031356
NFYB_MOUSE.MA0502.1,NFYB,1124.6682224303215,-0.0308765650470626,0.06412698220126095,1149.6367000011883,0.0308765650470626,0.06412698219768237
Nr2f6(var.2)_MOUSE.MA0728.1,Nr2f6(var.2),255.87738195010138,-0.03071074356271808,0.19257129522422378,261.527655449323,0.03071074356271808,0.1925712952226873
GATA3_MOUSE.MA0037.3,GATA3,7365.601346948031,-0.030188018399472938,0.008517304216508934,7525.533090359091,0.030188018399472938,0.00851730421650755
GATA5_MOUSE.MA0766.1,GATA5,7365.601346948031,-0.030188018399472938,0.008517304216508934,7525.533090359091,0.030188018399472938,0.00851730421650755
Pitx1_MOUSE.MA0682.1,Pitx1,12416.652820535817,-0.029679658787413743,0.007038870765235302,12681.79057008501,0.029679658787413743,0.007038870765082469
Gata1_MOUSE.MA0035.3,Gata1,585.8900857614478,-0.029483370090764183,0.07638299612697622,598.3190023392465,0.029483370090764183,0.07638299612925423
NKX3-2_MOUSE.MA0122.2,NKX3-2,1722.7729414012576,-0.028963270201360913,0.017406320345786864,1758.6861058557695,0.028963270201360913,0.01740632034575624
TFAP2B(var.3)_MOUSE.MA0813.1,TFAP2B(var.3),1411.5030854542597,-0.028826530980488485,0.11388203979158866,1440.7908298311636,0.028826530980488485,0.1138820397862839
Nkx2-5(var.2)_MOUSE.MA0503.1,Nkx2-5(var.2),291.8799131212467,-0.02870949223303043,0.13636139961199362,297.91170673623486,0.02870949223303043,0.13636139961416233
ARNT::HIF1A_MOUSE.MA0259.1,ARNT::HIF1A,5195.7831377868515,-0.02850110439789688,0.07381574961243352,5302.39715220659,0.02850110439789688,0.07381574961246107
Gmeb1_MOUSE.MA0615.1,Gmeb1,1213.0797189710108,-0.028315926300891192,0.1593890643914854,1237.8120779212836,0.028315926300891192,0.15938906439161832
MYB_MOUSE.MA0100.3,MYB,1465.876241724345,-0.028176666757429913,0.030258708943804793,1495.6183514836246,0.028176666757429913,0.030258708943753543
SOX13_MOUSE.MA1120.1,SOX13,614.4481616244193,-0.027973471643132797,0.13400545795422122,626.8265477065833,0.027973471643132797,0.13400545795399044
ZIC4_MOUSE.MA0751.1,ZIC4,3777.900726783895,-0.026377869808662524,0.17265043799128696,3849.7507037287237,0.026377869808662524,0.17265043803357397
TFDP1_MOUSE.MA1122.1,TFDP1,2367.8407203586044,-0.02634572382964251,0.12738352256913052,2412.8195503816937,0.02634572382964251,0.12738352256711732
RORA_MOUSE.MA0071.1,RORA,358.69676276414856,-0.025561566067322516,0.1657352827560845,365.31146449336495,0.025561566067322516,0.16573528274860155
NR1A4::RXRA_MOUSE.MA1146.1,NR1A4::RXRA,261.4779029434814,-0.023614499151323187,0.2539491966119275,265.94051032206175,0.023614499151323187,0.2539491966120451
Ahr::Arnt_MOUSE.MA0006.1,Ahr::Arnt,46725.702118665526,-0.02300033297790982,0.04919593955917363,47503.01861741575,0.02300033297790982,0.04919593955901111
EGR2_MOUSE.MA0472.2,EGR2,571.568099049338,-0.022095050411799377,0.31361353774847167,580.7115856746576,0.022095050411799377,0.3136135377483589
VDR_MOUSE.MA0693.2,VDR,17060.73882844207,-0.022043674319970563,0.050129557661908526,17333.05904219469,0.022043674319970563,0.05012955766508724
Hnf4a_MOUSE.MA0114.3,Hnf4a,354.5278677915712,-0.021699005609962185,0.2429258098733558,360.1002726279797,0.021699005609962185,0.24292580987024917
TFAP4_MOUSE.MA0691.1,TFAP4,286.89212806477025,-0.021595397310948172,0.2502480630376546,291.38043007985937,0.021595397310948172,0.2502480630387476
ZIC1_MOUSE.MA0696.1,ZIC1,1648.809414662509,-0.02144068823267098,0.25356904828343874,1674.4269794822785,0.02144068823267098,0.2535690482811866
CTCFL_MOUSE.MA1102.1,CTCFL,7383.742911883643,-0.02138732673753374,0.17881639240316613,7498.188476831437,0.02138732673753374,0.17881639241425543
GLIS1_MOUSE.MA0735.1,GLIS1,305.51471934337127,-0.02124912695513359,0.2994222709596775,310.21992588270575,0.02124912695513359,0.2994222709501637
EGR3_MOUSE.MA0732.1,EGR3,4845.218010820862,-0.02035027757162311,0.27395644081746173,4916.781526404185,0.02035027757162311,0.27395644081870907
FOXC1_MOUSE.MA0032.2,FOXC1,4670.5882688033535,-0.020234575113834197,0.11684580354045167,4739.192405307684,0.020234575113834197,0.116845803536843
FOXB1_MOUSE.MA0845.1,FOXB1,1950.4644702537962,-0.02001107913536515,0.16747225800937854,1978.8071016943654,0.02001107913536515,0.16747225800976911
Foxd3_MOUSE.MA0041.1,Foxd3,10337.41072645878,-0.019897708512054635,0.07595581078269967,10486.803868570862,0.019897708512054635,0.07595581079679162
HLTF_MOUSE.MA0109.1,HLTF,2069.587208192744,-0.019654696128512228,0.09779982801310975,2099.1422595702043,0.019654696128512228,0.0977998280137019
PBX2_MOUSE.MA1113.1,PBX2,542.0594235085536,-0.019529846613906443,0.23368279204910347,549.7524542669104,0.019529846613906443,0.23368279206346387
Pou2f3_MOUSE.MA0627.1,Pou2f3,1847.4962003335856,-0.01949952856467796,0.1330686045497398,1873.678063387124,0.01949952856467796,0.13306860457275738
THAP1_MOUSE.MA0597.1,THAP1,4494.097412958801,-0.01938450955258375,0.1196999943086201,4557.42301570638,0.01938450955258375,0.1196999943086334
FOXK1_MOUSE.MA0852.2,FOXK1,951.9797652970213,-0.018929041011983117,0.1674852212762691,965.088846220753,0.018929041011983117,0.16748522127112053
ZBTB7C_MOUSE.MA0695.1,ZBTB7C,643.0864085445558,-0.018924219231324813,0.3141310929112554,651.9395893256594,0.018924219231324813,0.3141310929194443
Foxj3_MOUSE.MA0851.1,Foxj3,10577.746376327048,-0.01852936571499697,0.0984733174946442,10720.440018221978,0.01852936571499697,0.09847331747783926
ZIC3_MOUSE.MA0697.1,ZIC3,3706.359511272344,-0.018435172699840408,0.3548701103128367,3756.1126892211496,0.018435172699840408,0.3548701103124361
NFIA_MOUSE.MA0670.1,NFIA,1248.503873229752,-0.018406981543067857,0.18335046323496978,1265.238410983619,0.018406981543067857,0.18335046323536763
Rarb(var.2)_MOUSE.MA0858.1,Rarb(var.2),270.33107825612507,-0.018346995829860546,0.38825953380899525,273.94273860268356,0.018346995829860546,0.3882595338267974
MAFG_MOUSE.MA0659.1,MAFG,595.0467657905016,-0.017997744058735776,0.3908664884824174,602.8512934549797,0.017997744058735776,0.39086648848247624
FOXP2_MOUSE.MA0593.1,FOXP2,2007.8325881594005,-0.01726252615330459,0.17049031802887388,2033.1317339026398,0.01726252615330459,0.1704903180240107
Sox17_MOUSE.MA0078.1,Sox17,3239.4089153191817,-0.017158301554317745,0.17360118201771058,3279.989535701233,0.017158301554317745,0.1736011820179981
ZNF282_MOUSE.MA1154.1,ZNF282,338.15006611358876,-0.016762205739876634,0.3548701103128367,342.29170018571614,0.016762205739876634,0.3548701103124361
Myod1_MOUSE.MA0499.1,Myod1,2513.757770902895,-0.01589000739531876,0.24035848389882544,2543.0113413635927,0.01589000739531876,0.24035848389193512
FOXO6_MOUSE.MA0849.1,FOXO6,14357.491037425736,-0.015612914019808244,0.15916281947775943,14521.787612947726,0.015612914019808244,0.15916281946070576
FOXO4_MOUSE.MA0848.1,FOXO4,14357.491037425736,-0.015612914019808244,0.15916281947775943,14521.787612947726,0.015612914019808244,0.15916281946070576
FOXD2_MOUSE.MA0847.1,FOXD2,14357.491037425736,-0.015612914019808244,0.15916281947775943,14521.787612947726,0.015612914019808244,0.15916281946070576
FOXI1_MOUSE.MA0042.2,FOXI1,14357.491037425736,-0.015612914019808244,0.15916281947775943,14521.787612947726,0.015612914019808244,0.15916281946070576
MEIS3_MOUSE.MA0775.1,MEIS3,4374.986128028019,-0.01521322525848312,0.17218815171879928,4423.8241487401165,0.01521322525848312,0.17218815176055366
HSF2_MOUSE.MA0770.1,HSF2,1009.737285480284,-0.014780102929954353,0.37378095897905317,1020.702132629756,0.014780102929954353,0.3737809589596352
IRF7_MOUSE.MA0772.1,IRF7,554.2855097262083,-0.014025657643518485,0.4405284359277493,560.0113989283203,0.014025657643518485,0.44052843593082047
FOXF2_MOUSE.MA0030.1,FOXF2,1199.1471345365594,-0.013375393125308221,0.3599554925553253,1210.9892121919725,0.013375393125308221,0.3599554925557829
NKX2-8_MOUSE.MA0673.1,NKX2-8,3433.97834455443,-0.012411311378325962,0.31924647042384124,3465.5745989603033,0.012411311378325962,0.3192464704143151
GRHL2_MOUSE.MA1105.1,GRHL2,627.5217704463893,-0.012224543374509622,0.45143018886238373,633.2132436477551,0.012224543374509622,0.4514301888632851
EMX2_MOUSE.MA0886.1,EMX2,688.5147654366658,-0.012174708289144576,0.4253230518841001,694.7354810259525,0.012174708289144576,0.42532305188393243
Spz1_MOUSE.MA0111.1,Spz1,76.66643666602415,-0.01214307838309825,0.7190508388549496,77.3569687520279,0.01214307838309825,0.7190508388549176
ATF7_MOUSE.MA0834.1,ATF7,275.92014624133867,-0.011943539781432477,0.5532398035680635,278.368165711527,0.011943539781432477,0.5532398035676769
RREB1_MOUSE.MA0073.1,RREB1,25708.93392742721,-0.011820138684509374,0.32436444294114253,25934.857262648125,0.011820138684509374,0.3243644429044812
VENTX_MOUSE.MA0724.1,VENTX,459.4889611327392,-0.011270487746944724,0.4674199290019708,463.34976163757324,0.011270487746944724,0.46741992900501783
HSF1_MOUSE.MA0486.2,HSF1,944.6498400705117,-0.011267566407052954,0.5124642939369143,952.5857574146598,0.011267566407052954,0.5124642939294568
LHX6_MOUSE.MA0658.1,LHX6,690.0838275554655,-0.011173297236895863,0.46055314175012985,695.835551685111,0.011173297236895863,0.46055314174955625
Creb3l2_MOUSE.MA0608.1,Creb3l2,992.5634997347352,-0.010205484771091733,0.4597340131012667,1000.1653849527793,0.010205484771091733,0.4597340131432185
TBX2_MOUSE.MA0688.1,TBX2,224.4789600618574,-0.00989659566917922,0.6641975263476092,226.14938305078462,0.00989659566917922,0.6641975263671553
E2F4_MOUSE.MA0470.1,E2F4,4806.031543379451,-0.009842757150828163,0.5670000258490627,4841.624698970474,0.009842757150828163,0.5670000258747291
IRF2_MOUSE.MA0051.1,IRF2,1406.641283487614,-0.009243415205345329,0.5173064178332101,1416.4698390866815,0.009243415205345329,0.5173064178509266
MEF2D_MOUSE.MA0773.1,MEF2D,1396.8661410175732,-0.009139625888380465,0.5172715927276798,1406.5252003278883,0.009139625888380465,0.5172715927558837
IRF1_MOUSE.MA0050.2,IRF1,21690.04472930956,-0.008299422140657597,0.4418586283348699,21827.319143711215,0.008299422140657597,0.44185862833434325
POU2F1_MOUSE.MA0785.1,POU2F1,1130.0110507399572,-0.007928030639735795,0.6001796182802319,1136.869594236897,0.007928030639735795,0.600179618279154
TFAP2C(var.2)_MOUSE.MA0814.1,TFAP2C(var.2),582.116319570612,-0.007595410535547131,0.6727204451831778,585.5141798666411,0.007595410535547131,0.6727204452141932
CENPB_MOUSE.MA0637.1,CENPB,101.5939089402401,-0.007338312907966937,0.8710698226767805,102.16827670459202,0.007338312907966937,0.87106982267686
FOSB::JUNB(var.2)_MOUSE.MA1136.1,FOSB::JUNB(var.2),964.5608947678351,-0.007177258744198056,0.6255431753980746,969.9102987668936,0.007177258744198056,0.6255431753977255
Pax2_MOUSE.MA0067.1,Pax2,20145.543586522734,-0.006014088607466661,0.5958985424317076,20240.95439202409,0.006014088607466661,0.5958985425401017
ZNF24_MOUSE.MA1124.1,ZNF24,1659.5294303062794,-0.005022059361881048,0.6900036652060666,1666.242453778139,0.005022059361881048,0.690003665185257
Sox3_MOUSE.MA0514.1,Sox3,3753.454280852669,-0.005015884769091983,0.6600687688915806,3768.622064145295,0.005015884769091983,0.6600687689315476
Foxa2_MOUSE.MA0047.2,Foxa2,551.7601214255124,-0.0046392207209304814,0.7608145831488665,553.8447171189802,0.0046392207209304814,0.7608145831481284
FOXG1_MOUSE.MA0613.1,FOXG1,10030.309765484359,-0.004547799942629993,0.6806269460980383,10067.576369542625,0.004547799942629993,0.6806269460984566
PITX3_MOUSE.MA0714.1,PITX3,2625.7223787378293,-0.004249789756444855,0.700967094463138,2634.9332456428797,0.004249789756444855,0.700967094460773
Hes2_MOUSE.MA0616.1,Hes2,253.1515660064931,-0.004188448190305394,0.8612839850489862,254.02831661288798,0.004188448190305394,0.8612839850370618
Foxj2_MOUSE.MA0614.1,Foxj2,10328.093704315395,-0.00407383999568367,0.700967094463138,10363.061634710659,0.00407383999568367,0.700967094460773
GCM2_MOUSE.MA0767.1,GCM2,374.20986232556623,-0.0034449990325207125,0.8268117224089789,375.31267831462907,0.0034449990325207125,0.8268117224773941
PLAG1_MOUSE.MA0163.1,PLAG1,4388.220078964319,-0.003277489964208513,0.8429152612934104,4400.647231481159,0.003277489964208513,0.8429152612931106
Znf423_MOUSE.MA0116.1,Znf423,1729.0262838601238,-0.0025629621527514246,0.8612839850489862,1733.0638886744543,0.0025629621527514246,0.8612839850370618
ASCL1_MOUSE.MA1100.1,ASCL1,3573.189658817281,-0.002162950162066579,0.8503079653031731,3580.541412019448,0.002162950162066579,0.8503079653561245
E2F6_MOUSE.MA0471.1,E2F6,5559.960164958633,-0.0018078061905111298,0.888578008263405,5570.02862828473,0.0018078061905111298,0.8885780082626467
FOXA1_MOUSE.MA0148.3,FOXA1,2487.69072431612,-0.00022707326389159732,0.9470141411119627,2489.466187793808,0.00022707326389159732,0.9470141411019023
RELB_MOUSE.MA1117.1,RELB,466.04008180393214,-0.0001917130781468046,0.959484421210835,466.3608121846414,0.0001917130781468046,0.9594844212105169
GBX2_MOUSE.MA0890.1,GBX2,1331.389293330143,-6.065679300171212e-05,0.9818389520718214,1332.185568240981,6.065679300171212e-05,0.9818389520720562
